date,macro_usuncertainty,real_usuncertainty,finan_usuncertainty
1998-01-01,0.694681359,0.67736094,0.938168585
1998-02-01,0.694968613,0.677787626,0.961476523
1998-03-01,0.69837145,0.684872442,0.970187942
1998-04-01,0.707401018,0.695048911,0.98892272
1998-05-01,0.716948996,0.70547271,1.027268646
1998-06-01,0.732688154,0.727606529,1.073775572
1998-07-01,0.746279698,0.743165066,1.143390122
1998-08-01,0.765766484,0.759723334,1.216497447
1998-09-01,0.759545509,0.734612832,1.155156499
1998-10-01,0.748675206,0.712560461,1.106831608
1998-11-01,0.739970649,0.697240642,1.072898152
1998-12-01,0.735366909,0.692256212,1.051339756
1999-01-01,0.734892076,0.68771852,1.0396386
1999-02-01,0.737985476,0.68404116,1.040319509
1999-03-01,0.73771918,0.675880426,1.03097621
1999-04-01,0.739595889,0.671317723,1.035351891
1999-05-01,0.736370563,0.666699587,1.018526035
1999-06-01,0.730125288,0.666535568,1.0146095
1999-07-01,0.726238514,0.668250589,1.013121271
1999-08-01,0.725889763,0.671735784,1.022103259
1999-09-01,0.729063539,0.675537005,1.036296748
1999-10-01,0.738811236,0.683793604,1.056483245
1999-11-01,0.74328127,0.682618739,1.083458007
1999-12-01,0.755759635,0.688343103,1.11702304
2000-01-01,0.771086041,0.700599958,1.148413034
2000-02-01,0.780197046,0.701189886,1.185276939
2000-03-01,0.788284972,0.703154931,1.18881871
2000-04-01,0.805078248,0.70922808,1.16888883
2000-05-01,0.815572806,0.718731118,1.151961039
2000-06-01,0.819439221,0.720274961,1.142674185
2000-07-01,0.810790429,0.718122239,1.121650992
2000-08-01,0.806878057,0.717153745,1.11657593
2000-09-01,0.812350505,0.723043262,1.110330638
2000-10-01,0.812420302,0.723068066,1.112368805
2000-11-01,0.812538512,0.722834851,1.127833777
2000-12-01,0.826119309,0.734946044,1.135598081
2001-01-01,0.832214587,0.735941051,1.127003874
2001-02-01,0.82844851,0.73160352,1.11193613
2001-03-01,0.822943497,0.72679514,1.095924456
2001-04-01,0.822734827,0.731234138,1.085737116
2001-05-01,0.820263173,0.725755337,1.07327749
2001-06-01,0.824740064,0.727356778,1.07378874
2001-07-01,0.833898471,0.726764854,1.089278909
2001-08-01,0.851661942,0.731799766,1.115615083
2001-09-01,0.88565946,0.738238644,1.15600129
2001-10-01,0.886213409,0.737204066,1.120559812
2001-11-01,0.860913326,0.720367415,1.091893668
2001-12-01,0.832201729,0.705664383,1.064131436
2002-01-01,0.812339235,0.697848638,1.049921047
2002-02-01,0.786098571,0.685600658,1.049119577
2002-03-01,0.771778171,0.677108999,1.060121216
2002-04-01,0.753522897,0.670646495,1.067539345
2002-05-01,0.738325338,0.664582113,1.086588746
2002-06-01,0.735478608,0.665662467,1.124187321
2002-07-01,0.736840603,0.67062713,1.161378084
2002-08-01,0.734808924,0.673177772,1.136187982
2002-09-01,0.734992024,0.674696703,1.137363163
2002-10-01,0.736032385,0.675237576,1.100371954
2002-11-01,0.745601173,0.68343745,1.074768209
2002-12-01,0.759605722,0.698125274,1.044462765
2003-01-01,0.775864781,0.707923652,1.011102387
2003-02-01,0.785391193,0.709043852,0.990502067
2003-03-01,0.788991213,0.696899357,0.981027381
2003-04-01,0.80232325,0.694626985,0.990673434
2003-05-01,0.78748904,0.682602755,0.976965147
2003-06-01,0.774901489,0.673359497,0.940096852
2003-07-01,0.771705962,0.672152657,0.921757049
2003-08-01,0.765147905,0.666554946,0.903189482
2003-09-01,0.762428399,0.661860208,0.892760151
2003-10-01,0.754181207,0.659932467,0.891193915
2003-11-01,0.740123176,0.660460776,0.859601077
2003-12-01,0.728124435,0.656179452,0.84182185
2004-01-01,0.725331225,0.656714682,0.825910074
2004-02-01,0.724244407,0.660851502,0.813252004
2004-03-01,0.727865522,0.672707063,0.809854743
2004-04-01,0.731360467,0.67544472,0.815770532
2004-05-01,0.740178041,0.685597969,0.811229233
2004-06-01,0.745715947,0.697788326,0.81844088
2004-07-01,0.738769534,0.691621637,0.832058017
2004-08-01,0.731587302,0.685228675,0.818069348
2004-09-01,0.736001451,0.686838192,0.81653959
2004-10-01,0.747156182,0.693546487,0.819576726
2004-11-01,0.755930678,0.703311543,0.835373649
2004-12-01,0.769598476,0.717160841,0.822448847
2005-01-01,0.77457564,0.721818038,0.819054825
2005-02-01,0.769219971,0.714836127,0.814292605
2005-03-01,0.766528579,0.714443581,0.814675226
2005-04-01,0.764912716,0.709309618,0.82088053
2005-05-01,0.773323451,0.709118314,0.814556314
2005-06-01,0.785695444,0.714244345,0.801515761
2005-07-01,0.803742904,0.724921072,0.79758769
2005-08-01,0.825911767,0.739827183,0.787265153
2005-09-01,0.863727961,0.769188248,0.781116695
2005-10-01,0.869831358,0.764705005,0.785002529
2005-11-01,0.855497711,0.747917239,0.785895832
2005-12-01,0.831585642,0.729106132,0.778627517
2006-01-01,0.824367113,0.724974431,0.784174207
2006-02-01,0.815546058,0.71521434,0.771337268
2006-03-01,0.799471004,0.706515533,0.763907904
2006-04-01,0.795697636,0.707190205,0.759646893
2006-05-01,0.793159055,0.711783553,0.764961621
2006-06-01,0.790481731,0.706869143,0.751961262
2006-07-01,0.789856407,0.708348449,0.748902119
2006-08-01,0.794457506,0.708809871,0.736162417
2006-09-01,0.808173962,0.716378822,0.726974511
2006-10-01,0.796351836,0.713569481,0.726066508
2006-11-01,0.786438805,0.708380129,0.718544387
2006-12-01,0.785388618,0.716076472,0.713821014
2007-01-01,0.783711947,0.716757798,0.716499095
2007-02-01,0.778620605,0.707241009,0.723486928
2007-03-01,0.769168141,0.696271759,0.734418818
2007-04-01,0.759309041,0.685642627,0.754122265
2007-05-01,0.747699715,0.671227953,0.777246392
2007-06-01,0.751998286,0.669645787,0.801392027
2007-07-01,0.765489657,0.673813582,0.831391772
2007-08-01,0.787653621,0.679519597,0.83930164
2007-09-01,0.800193499,0.681055743,0.859054943
2007-10-01,0.811505701,0.686796247,0.88859269
2007-11-01,0.834019765,0.696902996,0.929721445
2007-12-01,0.844303281,0.704627381,0.945585686
2008-01-01,0.847460576,0.705757054,0.978371926
2008-02-01,0.857974034,0.715590278,0.989065773
2008-03-01,0.867508295,0.728451056,1.006292334
2008-04-01,0.890132628,0.751949776,1.041360999
2008-05-01,0.921162054,0.771345854,1.085558888
2008-06-01,0.95602599,0.79378931,1.152250422
2008-07-01,1.000508584,0.823983631,1.18955645
2008-08-01,1.067359124,0.86175535,1.247876786
2008-09-01,1.139625074,0.908718069,1.341126804
2008-10-01,1.211100364,0.923900979,1.427088522
2008-11-01,1.210077426,0.943238487,1.395507485
2008-12-01,1.188290477,0.949857563,1.365520494
2009-01-01,1.172177957,0.947133438,1.369957359
2009-02-01,1.128072808,0.917639758,1.353221279
2009-03-01,1.084557307,0.891090225,1.31651064
2009-04-01,1.048137074,0.856879118,1.285458792
2009-05-01,1.019578201,0.837024557,1.213447088
2009-06-01,1.004414981,0.825982006,1.164669684
2009-07-01,0.984018991,0.825885263,1.141080798
2009-08-01,0.945561929,0.807996646,1.101010498
2009-09-01,0.917446171,0.796242336,1.080259514
2009-10-01,0.892729863,0.784463645,1.06727523
2009-11-01,0.876665588,0.777748387,1.047309939
2009-12-01,0.867938111,0.772121933,1.039485194
2010-01-01,0.867622867,0.778616331,1.035915196
2010-02-01,0.864236822,0.776400843,1.039511577
2010-03-01,0.853490581,0.781998673,1.052181457
2010-04-01,0.829212064,0.771222422,1.064518988
2010-05-01,0.817105277,0.766284629,1.09192654
2010-06-01,0.791191878,0.743480078,1.094379981
2010-07-01,0.77435614,0.72886589,1.089648994
2010-08-01,0.758628958,0.718054232,1.086082854
2010-09-01,0.751235459,0.712408425,1.070637847
2010-10-01,0.750323427,0.709967306,1.017425416
2010-11-01,0.746183138,0.713079748,0.984835051
2010-12-01,0.756444445,0.728010109,0.969001252
2011-01-01,0.755065911,0.731753263,0.937011107
2011-02-01,0.760600386,0.733550401,0.921614729
2011-03-01,0.760495721,0.737729285,0.909253365
2011-04-01,0.756001436,0.729162174,0.911440509
2011-05-01,0.75457939,0.71683663,0.927076485
2011-06-01,0.754939442,0.705970114,0.953219137
2011-07-01,0.760730603,0.703948221,0.996031838
2011-08-01,0.767101103,0.700975183,1.048124384
2011-09-01,0.758436144,0.698435341,1.080778292
2011-10-01,0.74905131,0.700173324,1.073636284
2011-11-01,0.736339321,0.696197016,1.008398511
2011-12-01,0.731097237,0.699859067,0.962245962
2012-01-01,0.723566491,0.695938096,0.936956803
2012-02-01,0.711095289,0.683289417,0.905981037
2012-03-01,0.708185575,0.68091758,0.887109462
2012-04-01,0.704208661,0.675075078,0.881538481
2012-05-01,0.707107734,0.67218077,0.888984153
2012-06-01,0.705780826,0.671094731,0.862298849
2012-07-01,0.709985936,0.674241502,0.838207331
2012-08-01,0.71637832,0.675219485,0.820029094
2012-09-01,0.713309129,0.676831265,0.804648351
2012-10-01,0.712310176,0.682683983,0.798213154
2012-11-01,0.718496646,0.69138902,0.79491784
2012-12-01,0.720950909,0.699159639,0.80069998
2013-01-01,0.720432139,0.691354977,0.810185458
2013-02-01,0.718385,0.687995117,0.801952252
2013-03-01,0.714186371,0.683030858,0.805894075
2013-04-01,0.695658057,0.675998869,0.80492977
2013-05-01,0.687422355,0.677123433,0.814689091
2013-06-01,0.681522826,0.680828672,0.822129186
2013-07-01,0.682200639,0.692916772,0.838865955
2013-08-01,0.67948871,0.697096188,0.838284274
2013-09-01,0.670082974,0.691991048,0.834360241
2013-10-01,0.671050421,0.699253083,0.820893709
2013-11-01,0.673281779,0.704443546,0.815715903
2013-12-01,0.67612288,0.714186704,0.814785202
2014-01-01,0.681707065,0.730824402,0.820719209
2014-02-01,0.680498066,0.731865058,0.819294105
2014-03-01,0.672091429,0.720324995,0.810817372
2014-04-01,0.663714476,0.705931024,0.809931946
2014-05-01,0.66256562,0.696588689,0.812136763
2014-06-01,0.667714014,0.698504379,0.826593376
2014-07-01,0.680159374,0.706284304,0.847060536
2014-08-01,0.694293283,0.707593406,0.850704482
2014-09-01,0.706076252,0.702444384,0.856639013
2014-10-01,0.72400528,0.705325908,0.847203952
2014-11-01,0.747588233,0.709071566,0.838425419
2014-12-01,0.774145945,0.715922644,0.838226874
2015-01-01,0.798821976,0.726120117,0.849616755
2015-02-01,0.817882762,0.731812536,0.853184691
2015-03-01,0.813408759,0.731969756,0.838222813
2015-04-01,0.798086978,0.725730776,0.835842937
2015-05-01,0.787673757,0.723756328,0.840899834
2015-06-01,0.772693487,0.721831546,0.856337268
2015-07-01,0.766798554,0.723595633,0.881208217
2015-08-01,0.763050633,0.720890436,0.906426275
2015-09-01,0.76392252,0.718284301,0.916624725
2015-10-01,0.761653584,0.715377698,0.920599967
2015-11-01,0.767032638,0.713493442,0.915056238
2015-12-01,0.778269458,0.712852054,0.926106841
2016-01-01,0.775369656,0.71785137,0.933748427
2016-02-01,0.769860513,0.721129652,0.906865848
2016-03-01,0.765713562,0.718871889,0.895112436
2016-04-01,0.745039346,0.711460085,0.863220211
2016-05-01,0.730952628,0.706138919,0.843308258
2016-06-01,0.725065796,0.701943675,0.83539762
2016-07-01,0.723872656,0.695305335,0.835743247
2016-08-01,0.718690358,0.690259545,0.831276353
2016-09-01,0.714431205,0.687533176,0.837302689
2016-10-01,0.718617121,0.690740197,0.854809431
2016-11-01,0.729707145,0.697514917,0.864270306
2016-12-01,0.733908209,0.70044837,0.821118814
2017-01-01,0.726842512,0.696393031,0.791949452
2017-02-01,0.72081578,0.698999016,0.770747541
2017-03-01,0.718103721,0.699125557,0.756161125
2017-04-01,0.718426493,0.704809595,0.749088501
2017-05-01,0.719289467,0.707451821,0.749962785
2017-06-01,0.714448812,0.708219643,0.750114271
2017-07-01,0.71276415,0.707874125,0.752730877
2017-08-01,0.71732041,0.709047382,0.763108919
2017-09-01,0.722545559,0.711424921,0.776073101
2017-10-01,0.721965088,0.712904775,0.773979783
2017-11-01,0.71365421,0.7037665,0.778505384
2017-12-01,0.712592104,0.70519714,0.786237943
2018-01-01,0.717587478,0.713001188,0.803990867
2018-02-01,0.720243005,0.718161945,0.820958306
2018-03-01,0.71458005,0.711627827,0.819989556
2018-04-01,0.714881026,0.718586002,0.828967842
2018-05-01,0.717886144,0.728980445,0.847802254
2018-06-01,0.709702371,0.721095149,0.860965916
2018-07-01,0.703390177,0.714759265,0.88732548
2018-08-01,0.700665893,0.707741799,0.925261894
2018-09-01,0.704083329,0.704876592,0.974009802
2018-10-01,0.715392811,0.708355829,1.04170839
2018-11-01,0.733370694,0.717136652,1.067830187
2018-12-01,0.749776099,0.731849841,1.116570182
2019-01-01,0.753889617,0.736087417,1.104580385
2019-02-01,0.751626722,0.731487832,1.064366933
2019-03-01,0.749210027,0.731197809,1.047137292
2019-04-01,0.757777719,0.738886867,1.046370528
2019-05-01,0.760054639,0.738613584,1.063536675
2019-06-01,0.764263233,0.743256007,1.053327688
2019-07-01,0.770704467,0.753972619,1.034025356
2019-08-01,0.784344147,0.768993455,1.035349854
2019-09-01,0.800242735,0.787671102,1.028394484
2019-10-01,0.827373684,0.817286929,1.033868145
2019-11-01,0.863516738,0.858938677,1.05955926
2019-12-01,0.912906669,0.905827449,1.102872485
2020-01-01,0.987669007,0.977546576,1.170613678
2020-02-01,1.092321179,1.080720031,1.258795273
2020-03-01,1.262880725,1.258241427,1.347852117
2020-04-01,1.295540846,1.303943579,1.285796927
2020-05-01,1.309231242,1.356074461,1.202791594
2020-06-01,1.262368289,1.305925745,1.147309319
2020-07-01,1.194664845,1.230005372,1.119732249
2020-08-01,1.125591061,1.167923488,1.10933472
2020-09-01,1.063895986,1.114296353,1.110387744
2020-10-01,1.015444949,1.068874895,1.118585029
2020-11-01,0.989081366,1.042756149,1.146541172
2020-12-01,0.977753542,1.036229242,1.104638708
2021-01-01,0.978269686,1.044466379,1.084814933
2021-02-01,0.998313739,1.078070911,1.075575941
2021-03-01,1.001943464,1.08298144,1.040227339
2021-04-01,0.96640763,1.019872989,1.013588621
2021-05-01,0.942830355,0.980707272,0.994688104
2021-06-01,0.927719489,0.950490503,0.985501251
2021-07-01,0.91955629,0.943961961,0.983542208
2021-08-01,0.912593561,0.934910749,0.991083741
2021-09-01,0.917899383,0.941370345,1.01328781
2021-10-01,0.910517202,0.917615267,1.015898115
2021-11-01,0.905934386,0.904332749,1.028907541
2021-12-01,0.917855319,0.902031186,1.048242771
2022-01-01,0.942215446,0.907161549,1.080055686
2022-02-01,0.951268663,0.899500616,1.063197947
2022-03-01,0.959682013,0.892231446,1.060539239
2022-04-01,0.969592624,0.88939647,1.0766191
2022-05-01,0.972099777,0.877120716,1.094138084
2022-06-01,0.982571506,0.877666334,1.134693758
2022-07-01,0.997429396,0.872830959,1.141156262
2022-08-01,0.964142133,0.846699761,1.140935552
2022-09-01,0.946497152,0.830427759,1.156913054
2022-10-01,0.931134902,0.826455584,1.148192466
2022-11-01,0.926633304,0.836625263,1.119478414
2022-12-01,0.924557195,0.848124388,1.110018376
